<?xml version="1.0" encoding="UTF-8"?>

<configfile name="" dosboxversion="0.72">

<!-- Group: Represented by a tab component -->
<group name="DosBox Settings">

 <!-- Section: Represented by bordered components in group -->
 <section name="sdl"> 
  <item name="fullscreen" value="false" type="bool" />
  <item name="fulldouble" value="false" type="bool" />
  <item name="fullresolution" value="original" type="text"/>
  <item name="windowresolution" value="original" type="text"/>
  <item name="output" value="surface" type="choice" values="surface,overlay,opengl,openglnb,ddraw"/>
  <item name="autolock" value="true" type="bool" />
  <item name="sensitivity" value="100" type="number" min="1" max="1000"/>
  <item name="waitonerror" value="true" type="bool" />
  <item name="priority" value="higher,normal" type="choice" values="lowest,lower,normal,higher,highest,pause" choices="2"/>
  <item name="mapperfile" value="mapper.txt" type="file" />
  <item name="usescancodes" value="true" type="bool" />
 </section>
		
 <section name="dosbox">
  <item name="language" value="" type="file" />
  <item name="machine" value="vga" type="choice" values="hercules,cga,tandy,vga"/>
  <item name="captures" value="capture" type="directory" />
  <item name="memsize" value="16" type="number"/>
 </section>
		
 <section name="render">
  <item name="frameskip" value="0" type="number"/>
  <item name="aspect" value="false" type="bool" />
  <item name="scaler" value="normal2x" type="choice" values="none,normal2x,normal3x,advmame2x,advmame3x,hq2x,hq3x,2xsai,super2xsai,supereagle,advinterp2x,advinterp3x,tv2x,tv3x,rgb2x,rgb3x,scan2x,scan3x"/>
 </section>

 <section name="cpu">
  <item name="core" value="auto" type="choice" values="normal,simple,full,dynamic,auto"/>
  <item name="cycles" value="auto" type="text"/>
  <item name="cycleup" value="500" type="number"/>
  <item name="cycledown" value="20" type="number"/>
 </section>

</group>
		
<group name="Sound">

 <section name="mixer">
  <item name="nosound" value="false" type="bool" />
  <item name="rate" value="22050" type="number"/>
  <item name="blocksize" value="2048" type="number"/>
  <item name="prebuffer" value="10" type="number"/>
 </section>
	
 <section name="midi">
  <item name="mpu401" value="intelligent" type="choice" values="none,uart,intelligent"/>
  <item name="device" value="default" type="choice" values="default,alsa,oss,win32,coreaudio,none"/>
  <item name="config" value="" type="text"/>
 </section>
	
 <section name="sblaster">
  <item name="sbtype" value="sb16" type="choice" values="none,sb1,sb2,sbpro1,sbpro2,sb16"/>
  <item name="sbbase" value="220" type="number"/>
  <item name="irq" value="7" type="number"/>
  <item name="dma" value="1" type="number"/>
  <item name="hdma" value="5" type="number"/>
  <item name="mixer" value="true" type="bool" />
  <item name="oplmode" value="auto" type="choice" values="auto,cms,opl2,dualopl2,opl3"/>
  <item name="oplrate" value="22050" type="number"/>
 </section>
	
 <section name="gus">
  <item name="gus" value="true" type="bool" />
  <item name="gusrate" value="22050" type="number"/>
  <item name="gusbase" value="240" type="number"/>
  <item name="irq1" value="5" type="number"/>
  <item name="irq2" value="5" type="number"/>
  <item name="dma1" value="3" type="number"/>
  <item name="dma2" value="3" type="number"/>
  <item name="ultradir" value="C:\ULTRASND" type="directory" />
 </section>
	
 <section name="speaker">
  <item name="pcspeaker" value="true" type="bool" />
  <item name="pcrate" value="22050" type="number"/>
  <item name="tandy" value="auto" type="choice" values="off,on,auto"/>
  <item name="tandyrate" value="22050" type="number"/>
  <item name="disney" value="true" type="bool" />
 </section>

</group>

<group name="Devices">

 <section name="joystick">
  <item name="joysticktype" value="auto" type="choice" values="auto,none,2axis,4axis,4axis_2,fcs,ch"/>
  <item name="timed" value="true" type="bool" />
  <item name="autofire" value="false" type="bool" />
  <item name="swap34" value="false" type="bool" />
  <item name="buttonwrap" value="true" type="bool" />
 </section>
	
 <section name="serial">
  <item name="serial1" value="dummy" type="choice" values="disabled, dummy, modem, nullmodem, directserial" edit="false"/>
  <item name="serial2" value="dummy" type="choice" values="disabled, dummy, modem, nullmodem, directserial" edit="false"/>
  <item name="serial3" value="disabled" type="choice" values="disabled, dummy, modem, nullmodem, directserial" edit="false"/>
  <item name="serial4" value="disabled" type="choice" values="disabled, dummy, modem, nullmodem, directserial" edit="false"/>
 </section>

</group>
	
<group name="Other Settings">

 <section name="dos">
  <item name="xms" value="true" type="bool" />
  <item name="ems" value="true" type="bool" />
  <item name="umb" value="true" type="bool" />
  <item name="keyboardlayout" value="none" type="text"/>
 </section>
	
 <section name="ipx">
  <item name="ipx" value="false" type="bool" />
 </section>
	
 <section name="autoexec">
  <item name="" value="" type="multiline_text"/>
 </section>	

</group>

</configfile>